ID;Datum;Uhrzeit;TX-Hash;Markt;Market-ID;Outcome;Seite;Preis (USDC);Einsatz (USDC);Einsatz (EUR);Shares;EUR/USD Kurs;Kursquelle;Gewinn/Verlust (USDC);Gewinn/Verlust (EUR);Source Wallet;Kategorie;Modus;Ergebnis;Aufgeloest
1;2026-04-17;21:54:32;;Boyacá Chicó FC vs. AD Cali: O/U 1.5;0xeda79f4922a382d3189fac862d76ca033e792873b77e64cc8e0fd6b53c2bea89;Under;BUY;0,69;12,3399;11,35;17,8839;0,92;Fallback-Kurs (API nicht erreichbar);0,0;0,0;0x2005d16a84ceefa912d4e380cd32e7ff827875ea;Sonstiges;LIVE;;Nein
2;2026-04-17;21:57:41;;Strait of Hormuz traffic returns to normal by end of April?;0x924a2942747dd75703321a7c8d809c68f6a514c3b0f2a2e64274e02310634669;Yes;BUY;0,34;25,0;23,0;73,5294;0,92;Fallback-Kurs (API nicht erreichbar);0,0;0,0;0xde7be6d489bce070a959e0cb813128ae659b5f4b;Sonstiges;LIVE;;Nein
3;2026-04-17;21:58:12;;Will CA Unión win on 2026-04-17?;0x059f7716053fea4b9ee128e91c3983a721fb067678fdd5fe977c7a8ed690357c;No;BUY;0,43;25,0;23,0;58,1395;0,92;Fallback-Kurs (API nicht erreichbar);0,0;0,0;0x2005d16a84ceefa912d4e380cd32e7ff827875ea;Sonstiges;LIVE;;Nein
4;2026-04-17;22:00:42;;Will AD Cali win on 2026-04-17?;0x658795b95b75b0fe826714faeac9725f04fb2af62bbcda54bf924271c6d3fa1a;No;BUY;0,67;6,0798;5,59;9,0744;0,92;Fallback-Kurs (API nicht erreichbar);0,0;0,0;0x2005d16a84ceefa912d4e380cd32e7ff827875ea;Sonstiges;LIVE;;Nein
5;2026-04-17;22:07:01;;Will Trump agree to Iranian enrichment of uranium in April?;0x807ba575f84169bdb061dd05da3e8eb314a129aa152e31518c2aff9979d5f986;Yes;BUY;0,414;21,4375;19,72;51,7814;0,92;Fallback-Kurs (API nicht erreichbar);0,0;0,0;0xbaa2bcb5439e985ce4ccf815b4700027d1b92c73;Geopolitik;LIVE;;Nein
6;2026-04-17;22:09:42;;Jaguares de Córdoba FC vs. AD Pasto: O/U 3.5;0xf2e5f0945f09586fb2af3192d247cd083e79d7ab76a3142ee7215fbacf870052;Under;BUY;0,25;5,5774;5,13;22,3098;0,92;Fallback-Kurs (API nicht erreichbar);0,0;0,0;0x2005d16a84ceefa912d4e380cd32e7ff827875ea;Sonstiges;LIVE;;Nein
7;2026-04-17;22:10:31;;Tallahassee: Daniil Glinka vs Jack Kennedy;0x89683dabd991296af86ff5eb1fa5b2a67cca45c4e76601c2383f3dd80ff5c45e;Jack Kennedy;BUY;0,45;14,459;13,3;32,1312;0,92;Fallback-Kurs (API nicht erreichbar);0,0;0,0;0x2005d16a84ceefa912d4e380cd32e7ff827875ea;Sport;LIVE;;Nein
8;2026-04-17;22:11:32;;Tallahassee: Daniil Glinka vs Jack Kennedy;0x89683dabd991296af86ff5eb1fa5b2a67cca45c4e76601c2383f3dd80ff5c45e;Daniil Glinka;BUY;0,51;6,12;5,63;12,0;0,92;Fallback-Kurs (API nicht erreichbar);0,0;0,0;0x2005d16a84ceefa912d4e380cd32e7ff827875ea;Sport;LIVE;;Nein
9;2026-04-17;22:15:32;;Boyacá Chicó FC vs. AD Cali: O/U 1.5;0xeda79f4922a382d3189fac862d76ca033e792873b77e64cc8e0fd6b53c2bea89;Under;BUY;0,34;12,852;11,82;37,8;0,92;Fallback-Kurs (API nicht erreichbar);0,0;0,0;0x2005d16a84ceefa912d4e380cd32e7ff827875ea;Sonstiges;LIVE;;Nein
10;2026-04-17;22:19:31;;Will Trump agree to Iranian enrichment of uranium in April?;0x807ba575f84169bdb061dd05da3e8eb314a129aa152e31518c2aff9979d5f986;Yes;BUY;0,414;25,0;23,0;60,3865;0,92;Fallback-Kurs (API nicht erreichbar);0,0;0,0;0xbaa2bcb5439e985ce4ccf815b4700027d1b92c73;Geopolitik;LIVE;;Nein
11;2026-04-17;22:19:52;;Will AD Pasto win on 2026-04-17?;0x7e7c36377d6edd309fe770f17d0b0cce22f08613d3474c95c929e253ade45250;No;BUY;0,74;6,8871;6,34;9,3069;0,92;Fallback-Kurs (API nicht erreichbar);0,0;0,0;0x2005d16a84ceefa912d4e380cd32e7ff827875ea;Sonstiges;LIVE;;Nein
12;2026-04-17;22:19:52;;Tallahassee: Daniil Glinka vs Jack Kennedy;0x89683dabd991296af86ff5eb1fa5b2a67cca45c4e76601c2383f3dd80ff5c45e;Jack Kennedy;BUY;0,71;25,0;23,0;35,2113;0,92;Fallback-Kurs (API nicht erreichbar);0,0;0,0;0x2005d16a84ceefa912d4e380cd32e7ff827875ea;Sport;LIVE;;Nein
13;2026-04-17;22:20:32;;Jaguares de Córdoba FC vs. AD Pasto: O/U 4.5;0x2dca61b8cc08193906c405a28628697d161ad3c6f6a54d6910c1a16967173460;Under;BUY;0,371;5,86;5,39;15,7951;0,92;Fallback-Kurs (API nicht erreichbar);0,0;0,0;0x2005d16a84ceefa912d4e380cd32e7ff827875ea;Sonstiges;LIVE;;Nein
14;2026-04-17;22:22:12;;Baltimore Orioles vs. Cleveland Guardians;0x2f27d2ebe167ea27b2b2011663c40dd79dea5605503b26738684247a714c30fd;Cleveland Guardians;BUY;0,57;12,7908;11,77;22,44;0,92;Fallback-Kurs (API nicht erreichbar);0,0;0,0;0x2005d16a84ceefa912d4e380cd32e7ff827875ea;Sonstiges;LIVE;;Nein
15;2026-04-17;22:23:42;;Tallahassee: Daniil Glinka vs Jack Kennedy;0x89683dabd991296af86ff5eb1fa5b2a67cca45c4e76601c2383f3dd80ff5c45e;Daniil Glinka;BUY;0,2;9,9;9,11;49,5;0,92;Fallback-Kurs (API nicht erreichbar);0,0;0,0;0x2005d16a84ceefa912d4e380cd32e7ff827875ea;Sport;LIVE;;Nein
16;2026-04-17;22:26:52;;Boyacá Chicó FC vs. AD Cali: Both Teams to Score;0x1e01c238fa8de361189abd56bf729c79f42a4152b782eb7ea785670158c52097;No;BUY;0,58;12,1195;11,15;20,8957;0,92;Fallback-Kurs (API nicht erreichbar);0,0;0,0;0x2005d16a84ceefa912d4e380cd32e7ff827875ea;Sonstiges;LIVE;;Nein
17;2026-04-17;22:29:32;;Jaguares de Córdoba FC vs. AD Pasto: O/U 4.5;0x2dca61b8cc08193906c405a28628697d161ad3c6f6a54d6910c1a16967173460;Under;BUY;0,451;7,6152;7,01;16,8852;0,92;Fallback-Kurs (API nicht erreichbar);0,0;0,0;0x2005d16a84ceefa912d4e380cd32e7ff827875ea;Sonstiges;LIVE;;Nein
18;2026-04-17;22:33:52;;Trump announces end of military operations against Iran by April 21st?;0x1507c50c86fb307e4f1acd9d740b2be66d98773f90d161e94907d8ef2c5699b3;Yes;BUY;0,25;13,2624;12,2;53,0498;0,92;Fallback-Kurs (API nicht erreichbar);0,0;0,0;0xbaa2bcb5439e985ce4ccf815b4700027d1b92c73;Geopolitik;LIVE;;Nein
19;2026-04-17;22:41:22;;Trump declassifies new UFO files by April 30?;0x2529b3e51721d203b78afc5a0e03f491f04274c876d979da491f8b62fbd2eb2d;No;BUY;0,42;25,0;23,0;59,5238;0,92;Fallback-Kurs (API nicht erreichbar);0,0;0,0;0x7a6192ea6815d3177e978dd3f8c38be5f575af24;Geopolitik;LIVE;;Nein
20;2026-04-17;22:48:52;;Trump announces end of military operations against Iran by April 21st?;0x1507c50c86fb307e4f1acd9d740b2be66d98773f90d161e94907d8ef2c5699b3;Yes;BUY;0,27;25,0;23,0;92,5926;0,92;Fallback-Kurs (API nicht erreichbar);0,0;0,0;0xbaa2bcb5439e985ce4ccf815b4700027d1b92c73;Geopolitik;LIVE;;Nein
21;2026-04-17;22:50:12;;US x Iran permanent peace deal by April 22, 2026?;0xbbc6689d0f6d57ea42168836712237c7308b3e0118c8914d31b6126d0f3254c5;Yes;BUY;0,3;25,0;23,0;83,3333;0,92;Fallback-Kurs (API nicht erreichbar);0,0;0,0;0xbaa2bcb5439e985ce4ccf815b4700027d1b92c73;Geopolitik;LIVE;;Nein
22;2026-04-17;22:52:12;;Will Boyacá Chicó FC vs. AD Cali end in a draw?;0x9fe76f207eb60bcf4c134d1202c9bf0e8da6683240dd45688d0affc902be952a;No;BUY;0,84;15,9768;14,7;19,02;0,92;Fallback-Kurs (API nicht erreichbar);0,0;0,0;0x2005d16a84ceefa912d4e380cd32e7ff827875ea;Sonstiges;LIVE;;Nein
23;2026-04-17;22:54:32;;Will CA Unión win on 2026-04-17?;0x059f7716053fea4b9ee128e91c3983a721fb067678fdd5fe977c7a8ed690357c;No;BUY;0,43;25,0;23,0;58,1395;0,92;Fallback-Kurs (API nicht erreichbar);0,0;0,0;0x2005d16a84ceefa912d4e380cd32e7ff827875ea;Sonstiges;LIVE;;Nein
24;2026-04-17;22:55:42;;Baltimore Orioles vs. Cleveland Guardians;0x2f27d2ebe167ea27b2b2011663c40dd79dea5605503b26738684247a714c30fd;Baltimore Orioles;BUY;0,43;5,16;4,75;12,0;0,92;Fallback-Kurs (API nicht erreichbar);0,0;0,0;0x2005d16a84ceefa912d4e380cd32e7ff827875ea;Sonstiges;LIVE;;Nein
25;2026-04-17;22:57:32;;Baltimore Orioles vs. Cleveland Guardians;0x2f27d2ebe167ea27b2b2011663c40dd79dea5605503b26738684247a714c30fd;Cleveland Guardians;BUY;0,56;6,4008;5,89;11,43;0,92;Fallback-Kurs (API nicht erreichbar);0,0;0,0;0x2005d16a84ceefa912d4e380cd32e7ff827875ea;Sonstiges;LIVE;;Nein
26;2026-04-17;22:58:42;;Baltimore Orioles vs. Cleveland Guardians;0x2f27d2ebe167ea27b2b2011663c40dd79dea5605503b26738684247a714c30fd;Baltimore Orioles;BUY;0,43;13,8582;12,75;32,2284;0,92;Fallback-Kurs (API nicht erreichbar);0,0;0,0;0x2005d16a84ceefa912d4e380cd32e7ff827875ea;Sonstiges;LIVE;;Nein
27;2026-04-17;23:02:22;;Atlanta Braves vs. Philadelphia Phillies;0x0656d25241a8b09abaa640fdfce92a942085a46bf0ef876b4e65990ed0ec9d49;Philadelphia Phillies;BUY;0,34;25,0;23,0;73,5294;0,92;Fallback-Kurs (API nicht erreichbar);0,0;0,0;0x2005d16a84ceefa912d4e380cd32e7ff827875ea;Sonstiges;LIVE;;Nein
28;2026-04-17;23:03:22;;Trump announces end of military operations against Iran by April 21st?;0x1507c50c86fb307e4f1acd9d740b2be66d98773f90d161e94907d8ef2c5699b3;Yes;BUY;0,25;25,0;23,0;100,0;0,92;Fallback-Kurs (API nicht erreichbar);0,0;0,0;0xbaa2bcb5439e985ce4ccf815b4700027d1b92c73;Geopolitik;LIVE;;Nein
29;2026-04-17;23:04:32;;Atlanta Braves vs. Philadelphia Phillies;0x0656d25241a8b09abaa640fdfce92a942085a46bf0ef876b4e65990ed0ec9d49;Philadelphia Phillies;BUY;0,4;8,4;7,73;21,0;0,92;Fallback-Kurs (API nicht erreichbar);0,0;0,0;0x2005d16a84ceefa912d4e380cd32e7ff827875ea;Sonstiges;LIVE;;Nein
30;2026-04-17;23:04:52;;Atlanta Braves vs. Philadelphia Phillies;0x0656d25241a8b09abaa640fdfce92a942085a46bf0ef876b4e65990ed0ec9d49;Atlanta Braves;BUY;0,55;5,6833;5,23;10,3333;0,92;Fallback-Kurs (API nicht erreichbar);0,0;0,0;0x2005d16a84ceefa912d4e380cd32e7ff827875ea;Sonstiges;LIVE;;Nein
31;2026-04-17;23:08:42;;Atlanta Braves vs. Philadelphia Phillies;0x0656d25241a8b09abaa640fdfce92a942085a46bf0ef876b4e65990ed0ec9d49;Atlanta Braves;BUY;0,68;25,0;23,0;36,7647;0,92;Fallback-Kurs (API nicht erreichbar);0,0;0,0;0x2005d16a84ceefa912d4e380cd32e7ff827875ea;Sonstiges;LIVE;;Nein
32;2026-04-17;23:12:22;;Tampa Bay Rays vs. Pittsburgh Pirates;0xa8832afe7aa008458f85086bbfc13e73a32afedc848a34d587f2ef04f5f4226c;Tampa Bay Rays;BUY;0,4;12,2048;11,23;30,5121;0,92;Fallback-Kurs (API nicht erreichbar);0,0;0,0;0x2005d16a84ceefa912d4e380cd32e7ff827875ea;Sonstiges;LIVE;;Nein
33;2026-04-17;23:13:22;;Santa Cruz: Matias Soto vs Juan Carlos Prado;0x1f398f7a9f59be0295c74d8123ce2e92eeccc6d363f7089b9791d3c114b563cb;Juan Carlos Prado;BUY;0,76;23,3125;21,45;30,6744;0,92;Fallback-Kurs (API nicht erreichbar);0,0;0,0;0x2005d16a84ceefa912d4e380cd32e7ff827875ea;Sport;LIVE;;Nein
34;2026-04-17;23:13:42;;Strait of Hormuz traffic returns to normal by end of April?;0x924a2942747dd75703321a7c8d809c68f6a514c3b0f2a2e64274e02310634669;Yes;BUY;0,37;25,0;23,0;67,5676;0,92;Fallback-Kurs (API nicht erreichbar);0,0;0,0;0xbaa2bcb5439e985ce4ccf815b4700027d1b92c73;Sonstiges;LIVE;;Nein
35;2026-04-17;23:16:12;;Milwaukee Brewers vs. Miami Marlins;0x70d72e97b1c89abf0fa322159c0df65e8cf87a502e3a4cfc8ce7258a1afb36fd;Milwaukee Brewers;BUY;0,5;15,9701;14,69;31,9401;0,92;Fallback-Kurs (API nicht erreichbar);0,0;0,0;0x2005d16a84ceefa912d4e380cd32e7ff827875ea;Sonstiges;LIVE;;Nein
36;2026-04-17;23:17:42;;Milwaukee Brewers vs. Miami Marlins;0x70d72e97b1c89abf0fa322159c0df65e8cf87a502e3a4cfc8ce7258a1afb36fd;Milwaukee Brewers;BUY;0,49;15,6506;14,4;31,9401;0,92;Fallback-Kurs (API nicht erreichbar);0,0;0,0;0x2005d16a84ceefa912d4e380cd32e7ff827875ea;Sonstiges;LIVE;;Nein
37;2026-04-17;23:19:32;;Detroit Tigers vs. Boston Red Sox;0x1ab289b5c612f292b69fe7f59b2fab5ae66ad62ec1590646105283dff47ef92a;Detroit Tigers;BUY;0,46;14,9697;13,77;32,5428;0,92;Fallback-Kurs (API nicht erreichbar);0,0;0,0;0x2005d16a84ceefa912d4e380cd32e7ff827875ea;Sonstiges;LIVE;;Nein
38;2026-04-17;23:22:42;;Tampa Bay Rays vs. Pittsburgh Pirates;0xa8832afe7aa008458f85086bbfc13e73a32afedc848a34d587f2ef04f5f4226c;Tampa Bay Rays;BUY;0,32;9,504;8,74;29,7;0,92;Fallback-Kurs (API nicht erreichbar);0,0;0,0;0x2005d16a84ceefa912d4e380cd32e7ff827875ea;Sonstiges;LIVE;;Nein
39;2026-04-17;23:24:02;;Will Nicolás Maduro be the leader of Venezuela end of 2026?;0x67f3f8d0a0ecdfc008c99650284a4674388a8c3029b0eb7ca0abd65dde8d996f;Yes;BUY;0,5;9,5565;8,79;19,113;0,92;Fallback-Kurs (API nicht erreichbar);0,0;0,0;0xbaa2bcb5439e985ce4ccf815b4700027d1b92c73;Sonstiges;LIVE;;Nein
40;2026-04-17;23:27:52;;Baltimore Orioles vs. Cleveland Guardians;0x2f27d2ebe167ea27b2b2011663c40dd79dea5605503b26738684247a714c30fd;Baltimore Orioles;BUY;0,38;12,2468;11,27;32,2284;0,92;Fallback-Kurs (API nicht erreichbar);0,0;0,0;0x2005d16a84ceefa912d4e380cd32e7ff827875ea;Sonstiges;LIVE;;Nein
41;2026-04-17;23:27:52;;Detroit Tigers vs. Boston Red Sox;0x1ab289b5c612f292b69fe7f59b2fab5ae66ad62ec1590646105283dff47ef92a;Boston Red Sox;BUY;0,54;11,7227;10,78;21,7086;0,92;Fallback-Kurs (API nicht erreichbar);0,0;0,0;0x2005d16a84ceefa912d4e380cd32e7ff827875ea;Sonstiges;LIVE;;Nein
42;2026-04-17;23:28:22;;Santa Cruz: Matias Soto vs Juan Carlos Prado;0x1f398f7a9f59be0295c74d8123ce2e92eeccc6d363f7089b9791d3c114b563cb;Juan Carlos Prado;BUY;0,84;23,6552;21,76;28,161;0,92;Fallback-Kurs (API nicht erreichbar);0,0;0,0;0x2005d16a84ceefa912d4e380cd32e7ff827875ea;Sport;LIVE;;Nein
43;2026-04-17;23:30:02;;Baltimore Orioles vs. Cleveland Guardians;0x2f27d2ebe167ea27b2b2011663c40dd79dea5605503b26738684247a714c30fd;Cleveland Guardians;BUY;0,61;17,4976;16,1;28,6846;0,92;Fallback-Kurs (API nicht erreichbar);0,0;0,0;0x2005d16a84ceefa912d4e380cd32e7ff827875ea;Sonstiges;LIVE;;Nein
44;2026-04-17;23:30:32;;Milwaukee Brewers vs. Miami Marlins;0x70d72e97b1c89abf0fa322159c0df65e8cf87a502e3a4cfc8ce7258a1afb36fd;Miami Marlins;BUY;0,51;6,0732;5,59;11,9082;0,92;Fallback-Kurs (API nicht erreichbar);0,0;0,0;0x2005d16a84ceefa912d4e380cd32e7ff827875ea;Sonstiges;LIVE;;Nein
45;2026-04-17;23:31:24;;Will CA Unión vs. CA Newell's Old Boys end in a draw?;0x52bebdce11d44a1a8b8acda43b6f987f7c90745a4c23e31202d397e9b8502e58;No;BUY;0,73;5,3692;4,94;7,3551;0,92;Fallback-Kurs (API nicht erreichbar);0,0;0,0;0x2005d16a84ceefa912d4e380cd32e7ff827875ea;Sonstiges;LIVE;;Nein
46;2026-04-17;23:31:24;;Kansas City Royals vs. New York Yankees;0xe39812f8c7c264d97988aa1dcbccb32b9b852893d1b386608870ed19c4d6c28b;New York Yankees;BUY;0,65;20,7033;19,05;31,8513;0,92;Fallback-Kurs (API nicht erreichbar);0,0;0,0;0x2005d16a84ceefa912d4e380cd32e7ff827875ea;Sonstiges;LIVE;;Nein
47;2026-04-17;23:32:12;;Trump announces end of military operations against Iran by April 21st?;0x1507c50c86fb307e4f1acd9d740b2be66d98773f90d161e94907d8ef2c5699b3;Yes;BUY;0,25;22,1308;20,36;88,5232;0,92;Fallback-Kurs (API nicht erreichbar);0,0;0,0;0xbaa2bcb5439e985ce4ccf815b4700027d1b92c73;Geopolitik;LIVE;;Nein
48;2026-04-17;23:32:22;;Hornets vs. Magic;0x1132ea2c6067952ba66148aed8cb47132f5453f69bdb784abd1019e877ed8706;Hornets;BUY;0,57;21,514;19,79;37,7439;0,92;Fallback-Kurs (API nicht erreichbar);0,0;0,0;0x2005d16a84ceefa912d4e380cd32e7ff827875ea;Sonstiges;LIVE;;Nein
49;2026-04-17;23:38:40;;Baltimore Orioles vs. Cleveland Guardians;0x2f27d2ebe167ea27b2b2011663c40dd79dea5605503b26738684247a714c30fd;Cleveland Guardians;BUY;0,58;6,2284;5,73;10,7386;0,92;Fallback-Kurs (API nicht erreichbar);0,0;0,0;0x2005d16a84ceefa912d4e380cd32e7ff827875ea;Sonstiges;LIVE;;Nein
50;2026-04-17;23:39:40;;Detroit Tigers vs. Boston Red Sox;0x1ab289b5c612f292b69fe7f59b2fab5ae66ad62ec1590646105283dff47ef92a;Boston Red Sox;BUY;0,58;12,7539;11,73;21,9895;0,92;Fallback-Kurs (API nicht erreichbar);0,0;0,0;0x2005d16a84ceefa912d4e380cd32e7ff827875ea;Sonstiges;LIVE;;Nein
51;2026-04-17;23:39:40;;Milwaukee Brewers vs. Miami Marlins;0x70d72e97b1c89abf0fa322159c0df65e8cf87a502e3a4cfc8ce7258a1afb36fd;Miami Marlins;BUY;0,56;7,14;6,57;12,75;0,92;Fallback-Kurs (API nicht erreichbar);0,0;0,0;0x2005d16a84ceefa912d4e380cd32e7ff827875ea;Sonstiges;LIVE;;Nein
52;2026-04-17;23:40:29;;Baltimore Orioles vs. Cleveland Guardians;0x2f27d2ebe167ea27b2b2011663c40dd79dea5605503b26738684247a714c30fd;Cleveland Guardians;BUY;0,57;18,3702;16,9;32,2284;0,92;Fallback-Kurs (API nicht erreichbar);0,0;0,0;0x2005d16a84ceefa912d4e380cd32e7ff827875ea;Sonstiges;LIVE;;Nein
53;2026-04-17;23:40:40;;Baltimore Orioles vs. Cleveland Guardians;0x2f27d2ebe167ea27b2b2011663c40dd79dea5605503b26738684247a714c30fd;Baltimore Orioles;BUY;0,4;12,8914;11,86;32,2284;0,92;Fallback-Kurs (API nicht erreichbar);0,0;0,0;0x2005d16a84ceefa912d4e380cd32e7ff827875ea;Sonstiges;LIVE;;Nein
54;2026-04-17;23:42:00;;Hornets vs. Magic: O/U 218.5;0xa49e1c204dd5f4efc55f670fcac5f20894b90e5ae986c0dd8e134b2363fc05e7;Over;BUY;0,46;16,8038;15,46;36,5301;0,92;Fallback-Kurs (API nicht erreichbar);0,0;0,0;0x2005d16a84ceefa912d4e380cd32e7ff827875ea;Sonstiges;LIVE;;Nein
55;2026-04-17;23:43:00;;Hornets vs. Magic;0x1132ea2c6067952ba66148aed8cb47132f5453f69bdb784abd1019e877ed8706;Magic;BUY;0,41;15,475;14,24;37,7439;0,92;Fallback-Kurs (API nicht erreichbar);0,0;0,0;0x2005d16a84ceefa912d4e380cd32e7ff827875ea;Sonstiges;LIVE;;Nein
56;2026-04-17;23:43:30;;Baltimore Orioles vs. Cleveland Guardians;0x2f27d2ebe167ea27b2b2011663c40dd79dea5605503b26738684247a714c30fd;Cleveland Guardians;BUY;0,59;19,0148;17,49;32,2284;0,92;Fallback-Kurs (API nicht erreichbar);0,0;0,0;0x2005d16a84ceefa912d4e380cd32e7ff827875ea;Sonstiges;LIVE;;Nein
57;2026-04-17;23:43:30;;Milwaukee Brewers vs. Miami Marlins;0x70d72e97b1c89abf0fa322159c0df65e8cf87a502e3a4cfc8ce7258a1afb36fd;Milwaukee Brewers;BUY;0,42;10,253;9,43;24,4119;0,92;Fallback-Kurs (API nicht erreichbar);0,0;0,0;0x2005d16a84ceefa912d4e380cd32e7ff827875ea;Sonstiges;LIVE;;Nein
58;2026-04-17;23:43:30;;Hornets vs. Magic: O/U 218.5;0xa49e1c204dd5f4efc55f670fcac5f20894b90e5ae986c0dd8e134b2363fc05e7;Under;BUY;0,53;6,3256;5,82;11,935;0,92;Fallback-Kurs (API nicht erreichbar);0,0;0,0;0x2005d16a84ceefa912d4e380cd32e7ff827875ea;Sonstiges;LIVE;;Nein
59;2026-04-17;23:45:30;;Baltimore Orioles vs. Cleveland Guardians;0x2f27d2ebe167ea27b2b2011663c40dd79dea5605503b26738684247a714c30fd;Baltimore Orioles;BUY;0,38;12,2468;11,27;32,2284;0,92;Fallback-Kurs (API nicht erreichbar);0,0;0,0;0x2005d16a84ceefa912d4e380cd32e7ff827875ea;Sonstiges;LIVE;;Nein
60;2026-04-17;23:45:50;;US x Iran permanent peace deal by April 30, 2026?;0xceb6dfaa2cf5abc9d47ebc867b984a7715104944249274e8a483a2e17473e5f5;No;BUY;0,58;30,0;27,6;51,7241;0,92;Fallback-Kurs (API nicht erreichbar);0,0;0,0;0xde7be6d489bce070a959e0cb813128ae659b5f4b;Geopolitik;LIVE;;Nein
61;2026-04-17;23:47:20;;Hornets vs. Magic;0x1132ea2c6067952ba66148aed8cb47132f5453f69bdb784abd1019e877ed8706;Hornets;BUY;0,53;20,0043;18,4;37,7439;0,92;Fallback-Kurs (API nicht erreichbar);0,0;0,0;0x2005d16a84ceefa912d4e380cd32e7ff827875ea;Sonstiges;LIVE;;Nein
62;2026-04-17;23:49:00;;US x Iran permanent peace deal by April 22, 2026?;0xbbc6689d0f6d57ea42168836712237c7308b3e0118c8914d31b6126d0f3254c5;No;BUY;0,69;30,0;27,6;43,4783;0,92;Fallback-Kurs (API nicht erreichbar);0,0;0,0;0xde7be6d489bce070a959e0cb813128ae659b5f4b;Geopolitik;LIVE;;Nein
63;2026-04-17;23:49:19;;US x Iran permanent peace deal by April 30, 2026?;0xceb6dfaa2cf5abc9d47ebc867b984a7715104944249274e8a483a2e17473e5f5;No;BUY;0,56;30,0;27,6;53,5669;0,92;Fallback-Kurs (API nicht erreichbar);0,0;0,0;0xde7be6d489bce070a959e0cb813128ae659b5f4b;Geopolitik;LIVE;;Nein
64;2026-04-17;23:49:30;;CA Unión vs. CA Newell's Old Boys: O/U 4.5;0xa38e2e45471f845023728bffea0b2458ccbdecb8c012df09f3244e6467863f41;Over;BUY;0,34;14,9305;13,74;43,9133;0,92;Fallback-Kurs (API nicht erreichbar);0,0;0,0;0x2005d16a84ceefa912d4e380cd32e7ff827875ea;Sonstiges;LIVE;;Nein
65;2026-04-17;23:49:30;;Will CA Unión win on 2026-04-17?;0x059f7716053fea4b9ee128e91c3983a721fb067678fdd5fe977c7a8ed690357c;Yes;BUY;0,58;7,5171;6,92;12,9606;0,92;Fallback-Kurs (API nicht erreichbar);0,0;0,0;0x2005d16a84ceefa912d4e380cd32e7ff827875ea;Sonstiges;LIVE;;Nein
66;2026-04-17;23:49:30;;Hornets vs. Magic;0x1132ea2c6067952ba66148aed8cb47132f5453f69bdb784abd1019e877ed8706;Hornets;BUY;0,52;19,6268;18,06;37,7439;0,92;Fallback-Kurs (API nicht erreichbar);0,0;0,0;0x2005d16a84ceefa912d4e380cd32e7ff827875ea;Sonstiges;LIVE;;Nein
67;2026-04-17;23:52:20;;Spread: Hornets (-3.5);0xaef2035cb8a4a57f0a9cf2c84ada749cf30c0cb8e4999c54c84fc4b0013e0f46;Hornets;BUY;0,36;5,4;4,97;15,0;0,92;Fallback-Kurs (API nicht erreichbar);0,0;0,0;0x2005d16a84ceefa912d4e380cd32e7ff827875ea;Sonstiges;LIVE;;Nein
68;2026-04-17;23:53:10;;Hornets vs. Magic;0x1132ea2c6067952ba66148aed8cb47132f5453f69bdb784abd1019e877ed8706;Hornets;BUY;0,41;15,475;14,24;37,7439;0,92;Fallback-Kurs (API nicht erreichbar);0,0;0,0;0x2005d16a84ceefa912d4e380cd32e7ff827875ea;Sonstiges;LIVE;;Nein
69;2026-04-17;23:54:10;;Will CA Unión win on 2026-04-17?;0x059f7716053fea4b9ee128e91c3983a721fb067678fdd5fe977c7a8ed690357c;No;BUY;0,4;8,7623;8,06;21,9057;0,92;Fallback-Kurs (API nicht erreichbar);0,0;0,0;0x2005d16a84ceefa912d4e380cd32e7ff827875ea;Sonstiges;LIVE;;Nein
70;2026-04-17;23:54:40;;Hornets vs. Magic;0x1132ea2c6067952ba66148aed8cb47132f5453f69bdb784abd1019e877ed8706;Hornets;BUY;0,45;12,1778;11,2;27,0618;0,92;Fallback-Kurs (API nicht erreichbar);0,0;0,0;0x2005d16a84ceefa912d4e380cd32e7ff827875ea;Sonstiges;LIVE;;Nein
71;2026-04-17;23:54:50;;Hornets vs. Magic;0x1132ea2c6067952ba66148aed8cb47132f5453f69bdb784abd1019e877ed8706;Magic;BUY;0,49;18,4945;17,01;37,7439;0,92;Fallback-Kurs (API nicht erreichbar);0,0;0,0;0x2005d16a84ceefa912d4e380cd32e7ff827875ea;Sonstiges;LIVE;;Nein
72;2026-04-17;23:54:50;;Baltimore Orioles vs. Cleveland Guardians;0x2f27d2ebe167ea27b2b2011663c40dd79dea5605503b26738684247a714c30fd;Cleveland Guardians;BUY;0,58;18,6925;17,2;32,2284;0,92;Fallback-Kurs (API nicht erreichbar);0,0;0,0;0x2005d16a84ceefa912d4e380cd32e7ff827875ea;Sonstiges;LIVE;;Nein
73;2026-04-17;23:56:10;;Hornets vs. Magic;0x1132ea2c6067952ba66148aed8cb47132f5453f69bdb784abd1019e877ed8706;Magic;BUY;0,56;21,1366;19,45;37,7439;0,92;Fallback-Kurs (API nicht erreichbar);0,0;0,0;0x2005d16a84ceefa912d4e380cd32e7ff827875ea;Sonstiges;LIVE;;Nein
74;2026-04-17;23:56:20;;Spread: Hornets (-3.5);0xaef2035cb8a4a57f0a9cf2c84ada749cf30c0cb8e4999c54c84fc4b0013e0f46;Magic;BUY;0,66;17,9596;16,52;27,2116;0,92;Fallback-Kurs (API nicht erreichbar);0,0;0,0;0x2005d16a84ceefa912d4e380cd32e7ff827875ea;Sonstiges;LIVE;;Nein
75;2026-04-17;23:57:40;;Hornets vs. Magic;0x1132ea2c6067952ba66148aed8cb47132f5453f69bdb784abd1019e877ed8706;Hornets;BUY;0,36;9,45;8,69;26,25;0,92;Fallback-Kurs (API nicht erreichbar);0,0;0,0;0x2005d16a84ceefa912d4e380cd32e7ff827875ea;Sonstiges;LIVE;;Nein
76;2026-04-17;23:57:40;;Baltimore Orioles vs. Cleveland Guardians;0x2f27d2ebe167ea27b2b2011663c40dd79dea5605503b26738684247a714c30fd;Baltimore Orioles;BUY;0,44;14,1805;13,05;32,2284;0,92;Fallback-Kurs (API nicht erreichbar);0,0;0,0;0x2005d16a84ceefa912d4e380cd32e7ff827875ea;Sonstiges;LIVE;;Nein
77;2026-04-17;23:58:10;;Santa Cruz: Matias Soto vs Juan Carlos Prado;0x1f398f7a9f59be0295c74d8123ce2e92eeccc6d363f7089b9791d3c114b563cb;Matias Soto;BUY;0,43;30,0;27,6;69,7674;0,92;Fallback-Kurs (API nicht erreichbar);0,0;0,0;0x2005d16a84ceefa912d4e380cd32e7ff827875ea;Sport;LIVE;;Nein
78;2026-04-17;23:58:30;;Hornets vs. Magic;0x1132ea2c6067952ba66148aed8cb47132f5453f69bdb784abd1019e877ed8706;Magic;BUY;0,66;9,4107;8,66;14,2587;0,92;Fallback-Kurs (API nicht erreichbar);0,0;0,0;0x2005d16a84ceefa912d4e380cd32e7ff827875ea;Sonstiges;LIVE;;Nein
79;2026-04-17;23:59:00;;Hornets vs. Magic;0x1132ea2c6067952ba66148aed8cb47132f5453f69bdb784abd1019e877ed8706;Hornets;BUY;0,31;11,7006;10,76;37,7439;0,92;Fallback-Kurs (API nicht erreichbar);0,0;0,0;0x2005d16a84ceefa912d4e380cd32e7ff827875ea;Sonstiges;LIVE;;Nein
80;2026-04-18;00:09:50;;Hornets vs. Magic: O/U 218.5;0xa49e1c204dd5f4efc55f670fcac5f20894b90e5ae986c0dd8e134b2363fc05e7;Under;BUY;0,48;12,4491;11,45;25,9356;0,92;Fallback-Kurs (API nicht erreichbar);0,0;0,0;0x2005d16a84ceefa912d4e380cd32e7ff827875ea;Sonstiges;LIVE;;Nein
81;2026-04-18;00:10:20;;Kansas City Royals vs. New York Yankees;0xe39812f8c7c264d97988aa1dcbccb32b9b852893d1b386608870ed19c4d6c28b;Kansas City Royals;BUY;0,17;5,4147;4,98;31,8513;0,92;Fallback-Kurs (API nicht erreichbar);0,0;0,0;0x2005d16a84ceefa912d4e380cd32e7ff827875ea;Sonstiges;LIVE;;Nein
82;2026-04-18;00:10:20;;Milwaukee Brewers vs. Miami Marlins;0x70d72e97b1c89abf0fa322159c0df65e8cf87a502e3a4cfc8ce7258a1afb36fd;Miami Marlins;BUY;0,52;16,6089;15,28;31,9401;0,92;Fallback-Kurs (API nicht erreichbar);0,0;0,0;0x2005d16a84ceefa912d4e380cd32e7ff827875ea;Sonstiges;LIVE;;Nein
83;2026-04-18;00:11:00;;Hornets vs. Magic;0x1132ea2c6067952ba66148aed8cb47132f5453f69bdb784abd1019e877ed8706;Hornets;BUY;0,19;7,1713;6,6;37,7439;0,92;Fallback-Kurs (API nicht erreichbar);0,0;0,0;0x2005d16a84ceefa912d4e380cd32e7ff827875ea;Sonstiges;LIVE;;Nein
84;2026-04-18;00:11:30;;Baltimore Orioles vs. Cleveland Guardians;0x2f27d2ebe167ea27b2b2011663c40dd79dea5605503b26738684247a714c30fd;Baltimore Orioles;BUY;0,38;24,282;22,34;63,9;0,92;Fallback-Kurs (API nicht erreichbar);0,0;0,0;0x2005d16a84ceefa912d4e380cd32e7ff827875ea;Sonstiges;LIVE;;Nein
85;2026-04-18;00:12:20;;Hornets vs. Magic;0x1132ea2c6067952ba66148aed8cb47132f5453f69bdb784abd1019e877ed8706;Hornets;BUY;0,15;5,6616;5,21;37,7439;0,92;Fallback-Kurs (API nicht erreichbar);0,0;0,0;0x2005d16a84ceefa912d4e380cd32e7ff827875ea;Sonstiges;LIVE;;Nein
86;2026-04-18;00:14:10;;Hornets vs. Magic: O/U 218.5;0xa49e1c204dd5f4efc55f670fcac5f20894b90e5ae986c0dd8e134b2363fc05e7;Over;BUY;0,47;12,7568;11,74;27,1422;0,92;Fallback-Kurs (API nicht erreichbar);0,0;0,0;0x2005d16a84ceefa912d4e380cd32e7ff827875ea;Sonstiges;LIVE;;Nein
87;2026-04-18;00:15:20;;Baltimore Orioles vs. Cleveland Guardians;0x2f27d2ebe167ea27b2b2011663c40dd79dea5605503b26738684247a714c30fd;Cleveland Guardians;BUY;0,56;18,0479;16,6;32,2284;0,92;Fallback-Kurs (API nicht erreichbar);0,0;0,0;0x2005d16a84ceefa912d4e380cd32e7ff827875ea;Sonstiges;LIVE;;Nein
88;2026-04-18;00:24:30;;Spread: New York Yankees (-2.5);0x6976de57f73d175b191a4fc6e64184963fff47cd9b28b1efaced2add79bf2cce;New York Yankees;BUY;0,49;6,5709;6,05;13,41;0,92;Fallback-Kurs (API nicht erreichbar);0,0;0,0;0xee613b3fc183ee44f9da9c05f53e2da107e3debf;Sonstiges;LIVE;;Nein
89;2026-04-18;00:25:00;;Tallahassee: Clement Tabur vs Tyler Zink;0xff0931747864512a2a61095f849284d6acd667d631c464b04e93769d8c7d0d93;Clement Tabur;BUY;0,7689;8,4775;7,8;11,025;0,92;Fallback-Kurs (API nicht erreichbar);0,0;0,0;0xee613b3fc183ee44f9da9c05f53e2da107e3debf;Sport;LIVE;;Nein
90;2026-04-18;00:25:10;;Hornets vs. Magic;0x1132ea2c6067952ba66148aed8cb47132f5453f69bdb784abd1019e877ed8706;Hornets;BUY;0,15;5,6616;5,21;37,7439;0,92;Fallback-Kurs (API nicht erreichbar);0,0;0,0;0x2005d16a84ceefa912d4e380cd32e7ff827875ea;Sonstiges;LIVE;;Nein

ZUSAMMENFASSUNG
Anzahl Trades;90
Gesamt Einsatz (USDC);1350,38
Gesamt Einsatz (EUR);1242,36
Gesamt P&L (USDC);0,0
Gesamt P&L (EUR);0,0
Kursquelle;Fallback-Kurs (API nicht erreichbar)
Export-Datum;2026-04-18 14:15
Hinweis;Gewinne aus Prediction Markets unterliegen §22 Nr.3 EStG. Freigrenze EUR 256/Jahr.
DAC8-Hinweis;Meldepflicht für Krypto-Einkünfte ab 2026 beachten.
